{
    "nose": [
        407.4956774711609,
        324.1246819496155,
        -174.10318851470947
    ],
    "left_shoulder": [
        324.49564933776855,
        461.08020544052124,
        -450.1366138458252
    ],
    "right_shoulder": [
        344.920814037323,
        449.57500398159027,
        143.62734854221344
    ],
    "left_elbow": [
        291.4675533771515,
        653.4730195999146,
        -551.7642974853516
    ],
    "right_elbow": [
        311.1907124519348,
        616.629284620285,
        100.25058388710022
    ],
    "left_wrist": [
        283.983850479126,
        797.4039494991302,
        -613.1520509719849
    ],
    "right_wrist": [
        297.42300510406494,
        756.3450694084167,
        -70.95096409320831
    ],
    "left_index": [
        242.73599982261658,
        799.6522307395935,
        -659.9422931671143
    ],
    "right_index": [
        265.0337219238281,
        768.7997460365295,
        -135.47018766403198
    ],
    "left_hip": [
        367.114520072937,
        720.330137014389,
        -204.71938848495483
    ],
    "right_hip": [
        390.9794211387634,
        692.8429126739502,
        204.75191473960876
    ],
    "left_knee": [
        627.2284984588623,
        768.8164293766022,
        -137.2128278017044
    ],
    "right_knee": [
        632.1929454803467,
        743.0294036865234,
        353.91165018081665
    ],
    "left_ankle": [
        851.6967058181763,
        758.9030385017395,
        -0.8792854612693191
    ],
    "right_ankle": [
        835.6281280517578,
        745.4468250274658,
        582.173752784729
    ],
    "left_foot_index": [
        956.0809135437012,
        805.7205140590668,
        -118.90875399112701
    ],
    "right_foot_index": [
        907.701301574707,
        788.5827004909515,
        507.0071339607239
    ]
}