{
    "nose": [
        1144.0196228027344,
        1486.4486694335938,
        -170.1163387298584
    ],
    "left_shoulder": [
        1623.9571380615234,
        1152.0606994628906,
        -1119.7972869873047
    ],
    "right_shoulder": [
        1553.6264419555664,
        1007.1873474121094,
        972.2657775878906
    ],
    "left_elbow": [
        2072.897186279297,
        1714.6188354492188,
        -1461.0142135620117
    ],
    "right_elbow": [
        2021.1882019042969,
        1590.5386352539062,
        865.4558372497559
    ],
    "left_wrist": [
        2248.803176879883,
        2325.0643920898438,
        -1244.955711364746
    ],
    "right_wrist": [
        2192.637176513672,
        2201.065673828125,
        175.38442611694336
    ],
    "left_index": [
        2072.7230072021484,
        2367.2903442382812,
        -1345.6792831420898
    ],
    "right_index": [
        2049.733428955078,
        2298.509979248047,
        -85.43383598327637
    ],
    "left_hip": [
        2660.4402923583984,
        497.3641586303711,
        -565.7797622680664
    ],
    "right_hip": [
        2560.137176513672,
        463.10821533203125,
        564.3351173400879
    ],
    "left_knee": [
        1956.4453125,
        1241.5132141113281,
        -460.2492141723633
    ],
    "right_knee": [
        1938.9321899414062,
        1173.4495544433594,
        859.3134498596191
    ],
    "left_ankle": [
        2925.460739135742,
        1125.9162902832031,
        321.9007873535156
    ],
    "right_ankle": [
        2859.7130584716797,
        1122.9241943359375,
        1277.6372909545898
    ],
    "left_foot_index": [
        3367.2715759277344,
        1115.2964782714844,
        517.159538269043
    ],
    "right_foot_index": [
        3318.0818939208984,
        1101.3096618652344,
        1382.5439071655273
    ]
}