{
    "nose": [
        280.55558037757874,
        48.520222663879395,
        -190.92762529850006
    ],
    "left_shoulder": [
        353.7192256450653,
        145.7384376525879,
        -17.401844523847103
    ],
    "right_shoulder": [
        210.74607288837433,
        147.44096517562866,
        -11.89499381929636
    ],
    "left_elbow": [
        382.8233048915863,
        237.20085525512695,
        -79.13978826999664
    ],
    "right_elbow": [
        183.83623909950256,
        238.13671159744263,
        -90.51816523075104
    ],
    "left_wrist": [
        426.6416416168213,
        274.33287620544434,
        -275.9315142631531
    ],
    "right_wrist": [
        131.57966476678848,
        279.2820224761963,
        -311.48308753967285
    ],
    "left_index": [
        451.1669239997864,
        277.3841915130615,
        -348.8417100906372
    ],
    "right_index": [
        105.54814016819,
        280.5733938217163,
        -390.0929410457611
    ],
    "left_hip": [
        320.06031560897827,
        308.3647985458374,
        1.3121405560523272
    ],
    "right_hip": [
        244.07978117465973,
        305.9083671569824,
        -1.5739329233765602
    ],
    "left_knee": [
        416.27968883514404,
        298.07750415802,
        -375.42639684677124
    ],
    "right_knee": [
        152.48237657546997,
        298.09754276275635,
        -378.30396723747253
    ],
    "left_ankle": [
        242.1630059480667,
        369.4338569641113,
        -286.3573948144913
    ],
    "right_ankle": [
        310.5733251571655,
        355.70495653152466,
        -243.73258316516876
    ],
    "left_foot_index": [
        171.8390121459961,
        372.90034103393555,
        -356.4559178352356
    ],
    "right_foot_index": [
        375.7865445613861,
        363.3766779899597,
        -289.97176694869995
    ]
}