{
    "nose": [
        2299.830436706543,
        2095.9627211093903,
        73.08126240968704
    ],
    "left_shoulder": [
        2414.414405822754,
        1798.4216272830963,
        668.1005954742432
    ],
    "right_shoulder": [
        2430.063486099243,
        1800.3404259681702,
        -568.5020685195923
    ],
    "left_elbow": [
        2579.220771789551,
        2207.595509290695,
        854.4406294822693
    ],
    "right_elbow": [
        2587.7718925476074,
        2276.1101245880127,
        -1350.2687215805054
    ],
    "left_wrist": [
        2801.9533157348633,
        2522.913372516632,
        181.92104995250702
    ],
    "right_wrist": [
        2869.7757720947266,
        2609.9595308303833,
        -1335.8745574951172
    ],
    "left_index": [
        2929.011821746826,
        2539.761883020401,
        8.749216794967651
    ],
    "right_index": [
        2999.3860721588135,
        2608.5430026054382,
        -1382.3672533035278
    ],
    "left_hip": [
        1755.3818225860596,
        1210.453462600708,
        443.36941838264465
    ],
    "right_hip": [
        1758.6969137191772,
        1214.2510682344437,
        -445.24791836738586
    ],
    "left_knee": [
        1378.2142400741577,
        1887.619936466217,
        489.2381727695465
    ],
    "right_knee": [
        1371.7941045761108,
        1894.1811561584473,
        -507.4012279510498
    ],
    "left_ankle": [
        1027.4958610534668,
        2457.860577106476,
        681.6037893295288
    ],
    "right_ankle": [
        989.707350730896,
        2515.2143597602844,
        -414.35936093330383
    ],
    "left_foot_index": [
        1287.1662378311157,
        2605.028557777405,
        349.04056787490845
    ],
    "right_foot_index": [
        1272.6123332977295,
        2632.187533378601,
        -807.1115016937256
    ]
}