{
    "nose": [
        696.64954662323,
        111.39762306213379,
        -21.02271518111229
    ],
    "left_shoulder": [
        772.5236263275146,
        251.4769790172577,
        -226.59805154800415
    ],
    "right_shoulder": [
        758.4327335357666,
        246.992830991745,
        259.6265845298767
    ],
    "left_elbow": [
        699.3386135101318,
        436.68181705474854,
        -133.8101613521576
    ],
    "right_elbow": [
        713.341212272644,
        412.98621463775635,
        99.1277664899826
    ],
    "left_wrist": [
        650.7559633255005,
        322.1691560745239,
        159.4666256904602
    ],
    "right_wrist": [
        663.1408424377441,
        317.8656280040741,
        -316.0302665233612
    ],
    "left_index": [
        657.9714317321777,
        278.65094208717346,
        163.3717052936554
    ],
    "right_index": [
        664.5700778961182,
        278.20441484451294,
        -382.0718250274658
    ],
    "left_hip": [
        781.9224987030029,
        595.4265584945679,
        -142.21142899990082
    ],
    "right_hip": [
        743.9177513122559,
        571.0101251602173,
        142.14930260181427
    ],
    "left_knee": [
        507.46738386154175,
        663.5882120132446,
        -179.81722140312195
    ],
    "right_knee": [
        501.5464696884155,
        635.2972474098206,
        207.1859951019287
    ],
    "left_ankle": [
        763.2622547149658,
        688.1574292182922,
        58.240393817424774
    ],
    "right_ankle": [
        745.636510848999,
        656.5631046295166,
        332.5437798500061
    ],
    "left_foot_index": [
        866.0947494506836,
        683.3897566795349,
        150.42807483673096
    ],
    "right_foot_index": [
        845.4696350097656,
        669.4120502471924,
        361.5620799064636
    ]
}