{
    "nose": [
        453.4452557563782,
        99.88261556625366,
        -32.27090548723936
    ],
    "left_shoulder": [
        510.65007269382477,
        176.4218120276928,
        84.6214747428894
    ],
    "right_shoulder": [
        397.517454624176,
        179.3599207699299,
        92.72454664111137
    ],
    "left_elbow": [
        549.3103784322739,
        249.52574729919434,
        54.50929172337055
    ],
    "right_elbow": [
        367.98227071762085,
        249.41651290655136,
        40.89257061481476
    ],
    "left_wrist": [
        468.82448732852936,
        232.5602669119835,
        23.850779682397842
    ],
    "right_wrist": [
        443.2079827785492,
        232.88405048847198,
        -11.480957698076963
    ],
    "left_index": [
        464.22598600387573,
        209.67628633975983,
        40.714032500982285
    ],
    "right_index": [
        452.96702206134796,
        210.23725479841232,
        1.8374217813834548
    ],
    "left_hip": [
        488.3240735530853,
        319.42304438352585,
        5.298677105456591
    ],
    "right_hip": [
        424.51409697532654,
        319.31466740369797,
        -5.442617884837091
    ],
    "left_knee": [
        552.7124470472336,
        336.3985932469368,
        -258.054484128952
    ],
    "right_knee": [
        383.16644072532654,
        337.0097571015358,
        -330.6410127878189
    ],
    "left_ankle": [
        428.91727566719055,
        368.7973573207855,
        -148.54937806725502
    ],
    "right_ankle": [
        509.35608744621277,
        379.0073311328888,
        -216.89144670963287
    ],
    "left_foot_index": [
        381.0537016391754,
        377.9649866223335,
        -178.88566106557846
    ],
    "right_foot_index": [
        562.1230471134186,
        378.8567204475403,
        -246.11580699682236
    ]
}