{
    "nose": [
        534.1417193412781,
        246.2224621474743,
        -70.90330868959427
    ],
    "left_shoulder": [
        469.65646743774414,
        316.7945625782013,
        63.26337903738022
    ],
    "right_shoulder": [
        445.69045305252075,
        326.2039440572262,
        -210.25827527046204
    ],
    "left_elbow": [
        439.6304190158844,
        195.5109782218933,
        46.07540741562843
    ],
    "right_elbow": [
        411.89125180244446,
        183.22493040561676,
        -336.63803339004517
    ],
    "left_wrist": [
        402.3483991622925,
        84.6411983370781,
        -51.040809601545334
    ],
    "right_wrist": [
        389.4190192222595,
        68.10750812292099,
        -365.1485741138458
    ],
    "left_index": [
        389.2088830471039,
        66.87808436155319,
        -105.53976148366928
    ],
    "right_index": [
        380.1495134830475,
        46.40291500091553,
        -408.35273265838623
    ],
    "left_hip": [
        493.6556816101074,
        564.4253717064857,
        116.56863987445831
    ],
    "right_hip": [
        469.12500262260437,
        579.6433669924736,
        -116.87136441469193
    ],
    "left_knee": [
        700.9289264678955,
        589.1999461650848,
        216.36255085468292
    ],
    "right_knee": [
        696.1690187454224,
        604.8466336131096,
        -202.50746607780457
    ],
    "left_ankle": [
        517.4429416656494,
        612.8945805430412,
        173.4398901462555
    ],
    "right_ankle": [
        507.87585973739624,
        622.9690650105476,
        -33.88271480798721
    ],
    "left_foot_index": [
        441.4955973625183,
        626.567646086216,
        125.45721232891083
    ],
    "right_foot_index": [
        425.4894554615021,
        630.3033863902092,
        43.17232966423035
    ]
}