{
    "nose": [
        2689.1026496887207,
        713.8451099395752,
        -1133.4368705749512
    ],
    "left_shoulder": [
        3099.4614601135254,
        1182.073974609375,
        229.02876734733582
    ],
    "right_shoulder": [
        2346.665096282959,
        1230.0238609313965,
        675.5592584609985
    ],
    "left_elbow": [
        3390.9988403320312,
        1718.7061786651611,
        -265.6760573387146
    ],
    "right_elbow": [
        2105.713176727295,
        1760.042667388916,
        75.50944983959198
    ],
    "left_wrist": [
        2844.939136505127,
        1599.1697788238525,
        -1539.8323059082031
    ],
    "right_wrist": [
        2658.3789825439453,
        1604.981803894043,
        -1643.0635929107666
    ],
    "left_index": [
        2761.5363121032715,
        1416.428804397583,
        -1790.2244567871094
    ],
    "right_index": [
        2695.998001098633,
        1421.4760780334473,
        -1962.9010677337646
    ],
    "left_hip": [
        2938.7380599975586,
        2331.408405303955,
        -173.84859323501587
    ],
    "right_hip": [
        2503.787612915039,
        2270.9697246551514,
        172.5123167037964
    ],
    "left_knee": [
        2806.8211555480957,
        3278.1197547912598,
        -168.32594275474548
    ],
    "right_knee": [
        1693.5662269592285,
        2743.032646179199,
        -994.3069696426392
    ],
    "left_ankle": [
        2621.5953826904297,
        4118.907165527344,
        1111.6053342819214
    ],
    "right_ankle": [
        2605.671215057373,
        2715.1305198669434,
        1336.7892265319824
    ],
    "left_foot_index": [
        2610.6905937194824,
        4417.74845123291,
        261.8381917476654
    ],
    "right_foot_index": [
        2715.848922729492,
        3121.065330505371,
        1107.840085029602
    ]
}