{
    "nose": [
        3378.0587196350098,
        1859.7241401672363,
        -1122.2050666809082
    ],
    "left_shoulder": [
        3035.8875274658203,
        2578.190517425537,
        -711.0245704650879
    ],
    "right_shoulder": [
        2848.355484008789,
        1843.2134628295898,
        -663.2572174072266
    ],
    "left_elbow": [
        3139.3369674682617,
        3224.259853363037,
        -1115.5649185180664
    ],
    "right_elbow": [
        2709.847068786621,
        1294.9414730072021,
        -1035.1475715637207
    ],
    "left_wrist": [
        3312.5235557556152,
        3860.7556343078613,
        -2130.2103996276855
    ],
    "right_wrist": [
        2736.6385459899902,
        667.651891708374,
        -2047.845697402954
    ],
    "left_index": [
        3416.34521484375,
        4000.2153396606445,
        -2506.783390045166
    ],
    "right_index": [
        2738.7359619140625,
        489.70184326171875,
        -2512.990951538086
    ],
    "left_hip": [
        2004.3135166168213,
        2577.6002883911133,
        409.7568154335022
    ],
    "right_hip": [
        1710.212516784668,
        2341.349172592163,
        -410.97439527511597
    ],
    "left_knee": [
        2610.5031967163086,
        3378.0223846435547,
        1205.7266235351562
    ],
    "right_knee": [
        1206.972312927246,
        3133.835792541504,
        -461.61367893218994
    ],
    "left_ankle": [
        3264.9521827697754,
        3927.4632453918457,
        1965.0979042053223
    ],
    "right_ankle": [
        844.223427772522,
        3935.7922554016113,
        299.5310068130493
    ],
    "left_foot_index": [
        3745.880699157715,
        4062.3032569885254,
        1369.7078704833984
    ],
    "right_foot_index": [
        872.2831964492798,
        4185.968399047852,
        -513.9503717422485
    ]
}