{
    "nose": [
        221.13583898544312,
        57.801472529768944,
        3.8515520188957453
    ],
    "left_shoulder": [
        168.1383991241455,
        67.80848550796509,
        88.46107721328735
    ],
    "right_shoulder": [
        162.80458426475525,
        72.25067442655563,
        -81.59021854400635
    ],
    "left_elbow": [
        189.90453267097473,
        120.20637077093124,
        100.24467352032661
    ],
    "right_elbow": [
        179.80204260349274,
        136.01043504476547,
        -78.56701427698135
    ],
    "left_wrist": [
        233.35793340206146,
        102.79585683345795,
        64.25478175282478
    ],
    "right_wrist": [
        230.8784800171852,
        106.4377369582653,
        -23.242780536413193
    ],
    "left_index": [
        250.75425827503204,
        97.46815478801727,
        58.146913573145866
    ],
    "right_index": [
        243.35034310817719,
        97.83156064152718,
        -42.76174707710743
    ],
    "left_hip": [
        77.99944193661213,
        104.40181809663773,
        52.640769854187965
    ],
    "right_hip": [
        60.607637614011765,
        115.03948175907135,
        -52.66903156042099
    ],
    "left_knee": [
        155.77506703138351,
        123.70725399255753,
        109.21214172244072
    ],
    "right_knee": [
        148.2844725549221,
        147.76214015483856,
        -44.154067143797874
    ],
    "left_ankle": [
        105.11185610294342,
        193.2097708582878,
        114.35410007834435
    ],
    "right_ankle": [
        104.20674461126328,
        219.42827105522156,
        -26.920328564941883
    ],
    "left_foot_index": [
        119.21514189243317,
        210.59017634391785,
        97.00675019621849
    ],
    "right_foot_index": [
        134.34518307447433,
        236.6219208240509,
        -29.807821847498417
    ]
}