{
    "nose": [
        1098.1989669799805,
        582.9888248443604,
        163.85276889801025
    ],
    "left_shoulder": [
        995.2992286682129,
        537.2588747739792,
        -135.99826455116272
    ],
    "right_shoulder": [
        983.8313961029053,
        617.423300743103,
        279.79867029190063
    ],
    "left_elbow": [
        1149.2419109344482,
        517.5771462917328,
        -248.19332075119019
    ],
    "right_elbow": [
        989.7839622497559,
        758.2088649272919,
        353.78106451034546
    ],
    "left_wrist": [
        1294.7245864868164,
        557.1237993240356,
        -335.2654070854187
    ],
    "right_wrist": [
        1009.703577041626,
        878.1552624702454,
        332.7403025627136
    ],
    "left_index": [
        1335.2242050170898,
        583.2067692279816,
        -390.89296531677246
    ],
    "right_index": [
        1026.2658252716064,
        907.6043373346329,
        288.0780653953552
    ],
    "left_hip": [
        721.7020320892334,
        641.5890353918076,
        -133.33014273643494
    ],
    "right_hip": [
        760.5598840713501,
        681.4015191793442,
        133.187242269516
    ],
    "left_knee": [
        514.7231826782227,
        790.2704483270645,
        -117.0798876285553
    ],
    "right_knee": [
        780.4359931945801,
        901.853306889534,
        54.69882786273956
    ],
    "left_ankle": [
        330.84114694595337,
        908.1538641452789,
        -124.87360572814941
    ],
    "right_ankle": [
        985.6849899291992,
        897.0668798685074,
        50.01490640640259
    ],
    "left_foot_index": [
        219.29623413085938,
        939.5090007781982,
        -288.86245250701904
    ],
    "right_foot_index": [
        1082.9131965637207,
        925.6188833713531,
        12.534670650959015
    ]
}