{
    "nose": [
        220.198486328125,
        504.0085941553116,
        -258.1831359863281
    ],
    "left_shoulder": [
        423.7772521972656,
        683.5344153642654,
        -530.9631958007812
    ],
    "right_shoulder": [
        440.6438903808594,
        657.5613471865654,
        307.0805969238281
    ],
    "left_elbow": [
        721.1641845703125,
        758.0541408061981,
        -631.2142333984375
    ],
    "right_elbow": [
        716.2247314453125,
        752.078874707222,
        396.1619567871094
    ],
    "left_wrist": [
        972.4965209960938,
        824.1337072849274,
        -757.17578125
    ],
    "right_wrist": [
        957.832763671875,
        802.6415598392487,
        260.5930480957031
    ],
    "left_index": [
        1063.53564453125,
        847.5028377771378,
        -853.54443359375
    ],
    "right_index": [
        1042.8385009765625,
        815.9046784043312,
        156.86038208007812
    ],
    "left_hip": [
        828.21728515625,
        925.2481752634048,
        -286.8983154296875
    ],
    "right_hip": [
        833.0786743164062,
        870.4544270038605,
        286.8565979003906
    ],
    "left_knee": [
        1274.5751953125,
        878.8041946291924,
        -219.13580322265625
    ],
    "right_knee": [
        1272.17333984375,
        853.260383605957,
        293.1978454589844
    ],
    "left_ankle": [
        1682.06982421875,
        765.3129476308823,
        27.091751098632812
    ],
    "right_ankle": [
        1657.329833984375,
        760.0893697142601,
        575.3461303710938
    ],
    "left_foot_index": [
        1873.2852783203125,
        758.3549299836159,
        -241.36550903320312
    ],
    "right_foot_index": [
        1850.552978515625,
        748.7692174315453,
        348.4872741699219
    ]
}